{"cameraMode":{"drawMode":0,"name":"Shaded","section":"Shading Mode"},"sceneLighting":true,"audioPlay":false,"sceneViewState":{"m_AlwaysRefresh":false,"showFog":true,"showSkybox":true,"showFlares":true,"showImageEffects":true,"showParticleSystems":true,"showVisualEffectGraphs":true,"m_FxEnabled":true},"in2DMode":false,"pivot":{"x":573.831787109375,"y":218.0376739501953,"z":1177.0616455078125},"rotation":{"x":0.005037730094045401,"y":-0.9751120209693909,"z":0.22042348980903626,"w":0.022546758875250818},"size":26.720678329467775,"orthographic":false}